{
  "train_losses": [
    0.02834289527932803,
    0.017510011571645737
  ],
  "val_losses": [
    0.017827446338534354,
    0.015003279908001424
  ]
}